{"count":1,"self":18.466201599999998,"total":46.9883448,"children":{"AgentResetIfDone":{"count":46501,"self":0.3823759,"total":0.3823759,"children":null},"AgentSendState":{"count":46501,"self":0.37589459999999997,"total":0.8673132,"children":{"CollectObservations":{"count":9301,"self":0.4914186,"total":0.4914186,"children":null}}},"DecideAction":{"count":46501,"self":26.7155232,"total":26.8386697,"children":{"AgentInfo.ToProto":{"count":9301,"self":0.12314649999999999,"total":0.12314649999999999,"children":null}}},"AcademyStep":{"count":46501,"self":0.1854737,"total":0.1854737,"children":null},"AgentAct":{"count":46501,"self":0.24631619999999999,"total":0.24631619999999999,"children":null}}}