{"count":1,"self":32.8910816,"total":32.957421599999996,"children":{"AgentResetIfDone":{"count":4556,"self":0.0039895,"total":0.0039895,"children":null},"AgentSendState":{"count":4556,"self":0.0049879999999999994,"total":0.0329167,"children":{"CollectObservations":{"count":912,"self":0.027928699999999997,"total":0.027928699999999997,"children":null}}},"DecideAction":{"count":4556,"self":0.0069818,"total":0.0069818,"children":null},"AcademyStep":{"count":4556,"self":0.0079788999999999988,"total":0.0079788999999999988,"children":null},"AgentAct":{"count":4556,"self":0.013477,"total":0.013477,"children":null}}}