{"count":1,"self":84.657753599999992,"total":89.5091492,"children":{"AgentResetIfDone":{"count":12166,"self":0.0064995,"total":0.0064995,"children":null},"AgentSendState":{"count":12166,"self":0.0059822999999999994,"total":0.0139601,"children":{"CollectObservations":{"count":2434,"self":0.0079778,"total":0.0079778,"children":null}}},"DecideAction":{"count":12166,"self":4.7860624,"total":4.7860623,"children":null},"AcademyStep":{"count":12166,"self":0.0189473,"total":0.0189473,"children":null},"AgentAct":{"count":12166,"self":0.024929,"total":0.024929,"children":null}}}