{"count":1,"self":10.128076799999999,"total":10.1380477,"children":{"AgentResetIfDone":{"count":1374,"self":0.0009971,"total":0.0009971,"children":null},"AgentSendState":{"count":1374,"self":0.0009975,"total":0.0039894,"children":{"CollectObservations":{"count":275,"self":0.0029919,"total":0.0029919,"children":null}}},"DecideAction":{"count":1374,"self":0.0019947999999999997,"total":0.0019947999999999997,"children":null},"AcademyStep":{"count":1374,"self":0.0009973,"total":0.0009973,"children":null},"AgentAct":{"count":1374,"self":0.0009948,"total":0.0009948,"children":null}}}