{"count":1,"self":42.92216,"total":45.6696969,"children":{"AgentResetIfDone":{"count":6557,"self":0.0015007,"total":0.0015007,"children":null},"AgentSendState":{"count":6557,"self":0.0010067,"total":0.0049959,"children":{"CollectObservations":{"count":1312,"self":0.0039892,"total":0.0039892,"children":null}}},"DecideAction":{"count":6557,"self":2.71711,"total":2.71711,"children":null},"AcademyStep":{"count":6557,"self":0.0089737,"total":0.0089737,"children":null},"AgentAct":{"count":6557,"self":0.014958099999999998,"total":0.014958099999999998,"children":null}}}